title;image;description;crop-top
Welcome to the Mansion;resources/example.webp;Here, every corner whispers elegance and every moment is wrapped in charm;100
Welcome to the Garden;resources/example.webp;Step into a world of tranquility and beauty, where nature's artistry unfolds in every petal and leaf;200
Welcome to the Mansion;resources/example.webp;Here, every corner whispers elegance and every moment is wrapped in charm;100
Welcome to the Garden;resources/example.webp;Step into a world of tranquility and beauty, where nature's artistry unfolds in every petal and leaf;200
Welcome to the Mansion;resources/example.webp;Here, every corner whispers elegance and every moment is wrapped in charm;100
Welcome to the Garden;resources/example.webp;Step into a world of tranquility and beauty, where nature's artistry unfolds in every petal and leaf;200
Welcome to the Mansion;resources/example.webp;Here, every corner whispers elegance and every moment is wrapped in charm;100
Welcome to the Garden;resources/example.webp;Step into a world of tranquility and beauty, where nature's artistry unfolds in every petal and leaf;200
Welcome to the Mansion;resources/example.webp;Here, every corner whispers elegance and every moment is wrapped in charm;100
Welcome to the Garden;resources/example.webp;Step into a world of tranquility and beauty, where nature's artistry unfolds in every petal and leaf;200
Welcome to the Mansion;resources/example.webp;Here, every corner whispers elegance and every moment is wrapped in charm;100
Welcome to the Garden;resources/example.webp;Step into a world of tranquility and beauty, where nature's artistry unfolds in every petal and leaf;200
Welcome to the Mansion;resources/example.webp;Here, every corner whispers elegance and every moment is wrapped in charm;100
Welcome to the Garden;resources/example.webp;Step into a world of tranquility and beauty, where nature's artistry unfolds in every petal and leaf;200
Welcome to the Mansion;resources/example.webp;Here, every corner whispers elegance and every moment is wrapped in charm;100
Welcome to the Garden;resources/example.webp;Step into a world of tranquility and beauty, where nature's artistry unfolds in every petal and leaf;200
Welcome to the Mansion;resources/example.webp;Here, every corner whispers elegance and every moment is wrapped in charm;100
Welcome to the Garden;resources/example.webp;Step into a world of tranquility and beauty, where nature's artistry unfolds in every petal and leaf;200
Welcome to the Mansion;resources/example.webp;Here, every corner whispers elegance and every moment is wrapped in charm;100
Welcome to the Garden;resources/example.webp;Step into a world of tranquility and beauty, where nature's artistry unfolds in every petal and leaf;200
Welcome to the Mansion;resources/example.webp;Here, every corner whispers elegance and every moment is wrapped in charm;100
Welcome to the Garden;resources/example.webp;Step into a world of tranquility and beauty, where nature's artistry unfolds in every petal and leaf;200
Welcome to the Mansion;resources/example.webp;Here, every corner whispers elegance and every moment is wrapped in charm;100
Welcome to the Garden;resources/example.webp;Step into a world of tranquility and beauty, where nature's artistry unfolds in every petal and leaf;200
Welcome to the Mansion;resources/example.webp;Here, every corner whispers elegance and every moment is wrapped in charm;100
Welcome to the Garden;resources/example.webp;Step into a world of tranquility and beauty, where nature's artistry unfolds in every petal and leaf;200
Welcome to the Mansion;resources/example.webp;Here, every corner whispers elegance and every moment is wrapped in charm;100
Welcome to the Garden;resources/example.webp;Step into a world of tranquility and beauty, where nature's artistry unfolds in every petal and leaf;200
Welcome to the Mansion;resources/example.webp;Here, every corner whispers elegance and every moment is wrapped in charm;100
Welcome to the Garden;resources/example.webp;Step into a world of tranquility and beauty, where nature's artistry unfolds in every petal and leaf;200
Welcome to the Mansion;resources/example.webp;Here, every corner whispers elegance and every moment is wrapped in charm;100
Welcome to the Garden;resources/example.webp;Step into a world of tranquility and beauty, where nature's artistry unfolds in every petal and leaf;200
Welcome to the Mansion;resources/example.webp;Here, every corner whispers elegance and every moment is wrapped in charm;100
Welcome to the Garden;resources/example.webp;Step into a world of tranquility and beauty, where nature's artistry unfolds in every petal and leaf;200
Welcome to the Mansion;resources/example.webp;Here, every corner whispers elegance and every moment is wrapped in charm;100
Welcome to the Garden;resources/example.webp;Step into a world of tranquility and beauty, where nature's artistry unfolds in every petal and leaf;200
Welcome to the Mansion;resources/example.webp;Here, every corner whispers elegance and every moment is wrapped in charm;100
Welcome to the Garden;resources/example.webp;Step into a world of tranquility and beauty, where nature's artistry unfolds in every petal and leaf;200
Welcome to the Mansion;resources/example.webp;Here, every corner whispers elegance and every moment is wrapped in charm;100
Welcome to the Garden;resources/example.webp;Step into a world of tranquility and beauty, where nature's artistry unfolds in every petal and leaf;200
Welcome to the Mansion;resources/example.webp;Here, every corner whispers elegance and every moment is wrapped in charm;100
Welcome to the Garden;resources/example.webp;Step into a world of tranquility and beauty, where nature's artistry unfolds in every petal and leaf;200
Welcome to the Mansion;resources/example.webp;Here, every corner whispers elegance and every moment is wrapped in charm;100
Welcome to the Garden;resources/example.webp;Step into a world of tranquility and beauty, where nature's artistry unfolds in every petal and leaf;200
Welcome to the Mansion;resources/example.webp;Here, every corner whispers elegance and every moment is wrapped in charm;100
Welcome to the Garden;resources/example.webp;Step into a world of tranquility and beauty, where nature's artistry unfolds in every petal and leaf;200
Welcome to the Mansion;resources/example.webp;Here, every corner whispers elegance and every moment is wrapped in charm;100
Welcome to the Garden;resources/example.webp;Step into a world of tranquility and beauty, where nature's artistry unfolds in every petal and leaf;200
Welcome to the Mansion;resources/example.webp;Here, every corner whispers elegance and every moment is wrapped in charm;100
Welcome to the Garden;resources/example.webp;Step into a world of tranquility and beauty, where nature's artistry unfolds in every petal and leaf;200
Welcome to the Mansion;resources/example.webp;Here, every corner whispers elegance and every moment is wrapped in charm;100
Welcome to the Garden;resources/example.webp;Step into a world of tranquility and beauty, where nature's artistry unfolds in every petal and leaf;200
Welcome to the Mansion;resources/example.webp;Here, every corner whispers elegance and every moment is wrapped in charm;100
Welcome to the Garden;resources/example.webp;Step into a world of tranquility and beauty, where nature's artistry unfolds in every petal and leaf;200
Welcome to the Mansion;resources/example.webp;Here, every corner whispers elegance and every moment is wrapped in charm;100
Welcome to the Garden;resources/example.webp;Step into a world of tranquility and beauty, where nature's artistry unfolds in every petal and leaf;200
Welcome to the Mansion;resources/example.webp;Here, every corner whispers elegance and every moment is wrapped in charm;100
Welcome to the Garden;resources/example.webp;Step into a world of tranquility and beauty, where nature's artistry unfolds in every petal and leaf;200
Welcome to the Mansion;resources/example.webp;Here, every corner whispers elegance and every moment is wrapped in charm;100
Welcome to the Garden;resources/example.webp;Step into a world of tranquility and beauty, where nature's artistry unfolds in every petal and leaf;200
Welcome to the Mansion;resources/example.webp;Here, every corner whispers elegance and every moment is wrapped in charm;100
Welcome to the Garden;resources/example.webp;Step into a world of tranquility and beauty, where nature's artistry unfolds in every petal and leaf;200
Welcome to the Mansion;resources/example.webp;Here, every corner whispers elegance and every moment is wrapped in charm;100
Welcome to the Garden;resources/example.webp;Step into a world of tranquility and beauty, where nature's artistry unfolds in every petal and leaf;200
Welcome to the Mansion;resources/example.webp;Here, every corner whispers elegance and every moment is wrapped in charm;100
Welcome to the Garden;resources/example.webp;Step into a world of tranquility and beauty, where nature's artistry unfolds in every petal and leaf;200
Welcome to the Mansion;resources/example.webp;Here, every corner whispers elegance and every moment is wrapped in charm;100
Welcome to the Garden;resources/example.webp;Step into a world of tranquility and beauty, where nature's artistry unfolds in every petal and leaf;200
Welcome to the Mansion;resources/example.webp;Here, every corner whispers elegance and every moment is wrapped in charm;100
Welcome to the Garden;resources/example.webp;Step into a world of tranquility and beauty, where nature's artistry unfolds in every petal and leaf;200
Welcome to the Mansion;resources/example.webp;Here, every corner whispers elegance and every moment is wrapped in charm;100
Welcome to the Garden;resources/example.webp;Step into a world of tranquility and beauty, where nature's artistry unfolds in every petal and leaf;200
Welcome to the Mansion;resources/example.webp;Here, every corner whispers elegance and every moment is wrapped in charm;100
Welcome to the Garden;resources/example.webp;Step into a world of tranquility and beauty, where nature's artistry unfolds in every petal and leaf;200
Welcome to the Mansion;resources/example.webp;Here, every corner whispers elegance and every moment is wrapped in charm;100
Welcome to the Garden;resources/example.webp;Step into a world of tranquility and beauty, where nature's artistry unfolds in every petal and leaf;200
Welcome to the Mansion;resources/example.webp;Here, every corner whispers elegance and every moment is wrapped in charm;100
Welcome to the Garden;resources/example.webp;Step into a world of tranquility and beauty, where nature's artistry unfolds in every petal and leaf;200
Welcome to the Mansion;resources/example.webp;Here, every corner whispers elegance and every moment is wrapped in charm;100
Welcome to the Garden;resources/example.webp;Step into a world of tranquility and beauty, where nature's artistry unfolds in every petal and leaf;200
Welcome to the Mansion;resources/example.webp;Here, every corner whispers elegance and every moment is wrapped in charm;100
Welcome to the Garden;resources/example.webp;Step into a world of tranquility and beauty, where nature's artistry unfolds in every petal and leaf;200
Welcome to the Mansion;resources/example.webp;Here, every corner whispers elegance and every moment is wrapped in charm;100
Welcome to the Garden;resources/example.webp;Step into a world of tranquility and beauty, where nature's artistry unfolds in every petal and leaf;200
Welcome to the Mansion;resources/example.webp;Here, every corner whispers elegance and every moment is wrapped in charm;100
Welcome to the Garden;resources/example.webp;Step into a world of tranquility and beauty, where nature's artistry unfolds in every petal and leaf;200
Welcome to the Mansion;resources/example.webp;Here, every corner whispers elegance and every moment is wrapped in charm;100
Welcome to the Garden;resources/example.webp;Step into a world of tranquility and beauty, where nature's artistry unfolds in every petal and leaf;200
Welcome to the Mansion;resources/example.webp;Here, every corner whispers elegance and every moment is wrapped in charm;100
Welcome to the Garden;resources/example.webp;Step into a world of tranquility and beauty, where nature's artistry unfolds in every petal and leaf;200
Welcome to the Mansion;resources/example.webp;Here, every corner whispers elegance and every moment is wrapped in charm;100
Welcome to the Garden;resources/example.webp;Step into a world of tranquility and beauty, where nature's artistry unfolds in every petal and leaf;200
Welcome to the Mansion;resources/example.webp;Here, every corner whispers elegance and every moment is wrapped in charm;100
Welcome to the Garden;resources/example.webp;Step into a world of tranquility and beauty, where nature's artistry unfolds in every petal and leaf;200
Welcome to the Mansion;resources/example.webp;Here, every corner whispers elegance and every moment is wrapped in charm;100
Welcome to the Garden;resources/example.webp;Step into a world of tranquility and beauty, where nature's artistry unfolds in every petal and leaf;200
Welcome to the Mansion;resources/example.webp;Here, every corner whispers elegance and every moment is wrapped in charm;100
Welcome to the Garden;resources/example.webp;Step into a world of tranquility and beauty, where nature's artistry unfolds in every petal and leaf;200
Welcome to the Mansion;resources/example.webp;Here, every corner whispers elegance and every moment is wrapped in charm;100
Welcome to the Garden;resources/example.webp;Step into a world of tranquility and beauty, where nature's artistry unfolds in every petal and leaf;200
Welcome to the Mansion;resources/example.webp;Here, every corner whispers elegance and every moment is wrapped in charm;100
Welcome to the Garden;resources/example.webp;Step into a world of tranquility and beauty, where nature's artistry unfolds in every petal and leaf;200
Welcome to the Mansion;resources/example.webp;Here, every corner whispers elegance and every moment is wrapped in charm;100
Welcome to the Garden;resources/example.webp;Step into a world of tranquility and beauty, where nature's artistry unfolds in every petal and leaf;200
Welcome to the Mansion;resources/example.webp;Here, every corner whispers elegance and every moment is wrapped in charm;100
Welcome to the Garden;resources/example.webp;Step into a world of tranquility and beauty, where nature's artistry unfolds in every petal and leaf;200
Welcome to the Mansion;resources/example.webp;Here, every corner whispers elegance and every moment is wrapped in charm;100
Welcome to the Garden;resources/example.webp;Step into a world of tranquility and beauty, where nature's artistry unfolds in every petal and leaf;200
Welcome to the Mansion;resources/example.webp;Here, every corner whispers elegance and every moment is wrapped in charm;100
Welcome to the Garden;resources/example.webp;Step into a world of tranquility and beauty, where nature's artistry unfolds in every petal and leaf;200
Welcome to the Mansion;resources/example.webp;Here, every corner whispers elegance and every moment is wrapped in charm;100
Welcome to the Garden;resources/example.webp;Step into a world of tranquility and beauty, where nature's artistry unfolds in every petal and leaf;200
Welcome to the Mansion;resources/example.webp;Here, every corner whispers elegance and every moment is wrapped in charm;100
Welcome to the Garden;resources/example.webp;Step into a world of tranquility and beauty, where nature's artistry unfolds in every petal and leaf;200
Welcome to the Mansion;resources/example.webp;Here, every corner whispers elegance and every moment is wrapped in charm;100
Welcome to the Garden;resources/example.webp;Step into a world of tranquility and beauty, where nature's artistry unfolds in every petal and leaf;200
Welcome to the Mansion;resources/example.webp;Here, every corner whispers elegance and every moment is wrapped in charm;100
Welcome to the Garden;resources/example.webp;Step into a world of tranquility and beauty, where nature's artistry unfolds in every petal and leaf;200
Welcome to the Mansion;resources/example.webp;Here, every corner whispers elegance and every moment is wrapped in charm;100
Welcome to the Garden;resources/example.webp;Step into a world of tranquility and beauty, where nature's artistry unfolds in every petal and leaf;200
Welcome to the Mansion;resources/example.webp;Here, every corner whispers elegance and every moment is wrapped in charm;100
Welcome to the Garden;resources/example.webp;Step into a world of tranquility and beauty, where nature's artistry unfolds in every petal and leaf;200
Welcome to the Mansion;resources/example.webp;Here, every corner whispers elegance and every moment is wrapped in charm;100
Welcome to the Garden;resources/example.webp;Step into a world of tranquility and beauty, where nature's artistry unfolds in every petal and leaf;200
Welcome to the Mansion;resources/example.webp;Here, every corner whispers elegance and every moment is wrapped in charm;100
Welcome to the Garden;resources/example.webp;Step into a world of tranquility and beauty, where nature's artistry unfolds in every petal and leaf;200
Welcome to the Mansion;resources/example.webp;Here, every corner whispers elegance and every moment is wrapped in charm;100
Welcome to the Garden;resources/example.webp;Step into a world of tranquility and beauty, where nature's artistry unfolds in every petal and leaf;200
Welcome to the Mansion;resources/example.webp;Here, every corner whispers elegance and every moment is wrapped in charm;100
Welcome to the Garden;resources/example.webp;Step into a world of tranquility and beauty, where nature's artistry unfolds in every petal and leaf;200
Welcome to the Mansion;resources/example.webp;Here, every corner whispers elegance and every moment is wrapped in charm;100
Welcome to the Garden;resources/example.webp;Step into a world of tranquility and beauty, where nature's artistry unfolds in every petal and leaf;200
Welcome to the Mansion;resources/example.webp;Here, every corner whispers elegance and every moment is wrapped in charm;100
Welcome to the Garden;resources/example.webp;Step into a world of tranquility and beauty, where nature's artistry unfolds in every petal and leaf;200
Welcome to the Mansion;resources/example.webp;Here, every corner whispers elegance and every moment is wrapped in charm;100
Welcome to the Garden;resources/example.webp;Step into a world of tranquility and beauty, where nature's artistry unfolds in every petal and leaf;200
Welcome to the Mansion;resources/example.webp;Here, every corner whispers elegance and every moment is wrapped in charm;100
Welcome to the Garden;resources/example.webp;Step into a world of tranquility and beauty, where nature's artistry unfolds in every petal and leaf;200
Welcome to the Mansion;resources/example.webp;Here, every corner whispers elegance and every moment is wrapped in charm;100
Welcome to the Garden;resources/example.webp;Step into a world of tranquility and beauty, where nature's artistry unfolds in every petal and leaf;200
Welcome to the Mansion;resources/example.webp;Here, every corner whispers elegance and every moment is wrapped in charm;100
Welcome to the Garden;resources/example.webp;Step into a world of tranquility and beauty, where nature's artistry unfolds in every petal and leaf;200
Welcome to the Mansion;resources/example.webp;Here, every corner whispers elegance and every moment is wrapped in charm;100
Welcome to the Garden;resources/example.webp;Step into a world of tranquility and beauty, where nature's artistry unfolds in every petal and leaf;200
Welcome to the Mansion;resources/example.webp;Here, every corner whispers elegance and every moment is wrapped in charm;100
Welcome to the Garden;resources/example.webp;Step into a world of tranquility and beauty, where nature's artistry unfolds in every petal and leaf;200
Welcome to the Mansion;resources/example.webp;Here, every corner whispers elegance and every moment is wrapped in charm;100
Welcome to the Garden;resources/example.webp;Step into a world of tranquility and beauty, where nature's artistry unfolds in every petal and leaf;200
Welcome to the Mansion;resources/example.webp;Here, every corner whispers elegance and every moment is wrapped in charm;100
Welcome to the Garden;resources/example.webp;Step into a world of tranquility and beauty, where nature's artistry unfolds in every petal and leaf;200
Welcome to the Mansion;resources/example.webp;Here, every corner whispers elegance and every moment is wrapped in charm;100
Welcome to the Garden;resources/example.webp;Step into a world of tranquility and beauty, where nature's artistry unfolds in every petal and leaf;200
Welcome to the Mansion;resources/example.webp;Here, every corner whispers elegance and every moment is wrapped in charm;100
Welcome to the Garden;resources/example.webp;Step into a world of tranquility and beauty, where nature's artistry unfolds in every petal and leaf;200
Welcome to the Mansion;resources/example.webp;Here, every corner whispers elegance and every moment is wrapped in charm;100
Welcome to the Garden;resources/example.webp;Step into a world of tranquility and beauty, where nature's artistry unfolds in every petal and leaf;200
Welcome to the Mansion;resources/example.webp;Here, every corner whispers elegance and every moment is wrapped in charm;100
Welcome to the Garden;resources/example.webp;Step into a world of tranquility and beauty, where nature's artistry unfolds in every petal and leaf;200
Welcome to the Mansion;resources/example.webp;Here, every corner whispers elegance and every moment is wrapped in charm;100
Welcome to the Garden;resources/example.webp;Step into a world of tranquility and beauty, where nature's artistry unfolds in every petal and leaf;200
Welcome to the Mansion;resources/example.webp;Here, every corner whispers elegance and every moment is wrapped in charm;100
Welcome to the Garden;resources/example.webp;Step into a world of tranquility and beauty, where nature's artistry unfolds in every petal and leaf;200
Welcome to the Mansion;resources/example.webp;Here, every corner whispers elegance and every moment is wrapped in charm;100
Welcome to the Garden;resources/example.webp;Step into a world of tranquility and beauty, where nature's artistry unfolds in every petal and leaf;200
Welcome to the Mansion;resources/example.webp;Here, every corner whispers elegance and every moment is wrapped in charm;100
Welcome to the Garden;resources/example.webp;Step into a world of tranquility and beauty, where nature's artistry unfolds in every petal and leaf;200
Welcome to the Mansion;resources/example.webp;Here, every corner whispers elegance and every moment is wrapped in charm;100
Welcome to the Garden;resources/example.webp;Step into a world of tranquility and beauty, where nature's artistry unfolds in every petal and leaf;200
Welcome to the Mansion;resources/example.webp;Here, every corner whispers elegance and every moment is wrapped in charm;100
Welcome to the Garden;resources/example.webp;Step into a world of tranquility and beauty, where nature's artistry unfolds in every petal and leaf;200
Welcome to the Mansion;resources/example.webp;Here, every corner whispers elegance and every moment is wrapped in charm;100
Welcome to the Garden;resources/example.webp;Step into a world of tranquility and beauty, where nature's artistry unfolds in every petal and leaf;200
Welcome to the Mansion;resources/example.webp;Here, every corner whispers elegance and every moment is wrapped in charm;100
Welcome to the Garden;resources/example.webp;Step into a world of tranquility and beauty, where nature's artistry unfolds in every petal and leaf;200
Welcome to the Mansion;resources/example.webp;Here, every corner whispers elegance and every moment is wrapped in charm;100
Welcome to the Garden;resources/example.webp;Step into a world of tranquility and beauty, where nature's artistry unfolds in every petal and leaf;200